stt,en,vi,ipa
501,Vegetables are good for my health.,Rau củ rất tốt cho sức khỏe của tớ.,ˈvɛd͡ʒtəbəlz ɛə ɡʊ(d) for mi hɛlθ
502,I turn head over heels.,Tớ lộn ngược.,aɪ /tɜːn/ hɛd /ˈəʊ.və(ɹ)/ hiːlz
503,Everything looks upside down.,Mọi thứ trông như bị đảo ngược.,ˈɛvɹiθɪŋ lʊks ˈʌpˌsaɪd daʊn
504,I am good at doing somersaults.,Tớ rất giỏi lộn nhào.,aɪ e̞m ɡʊ(d) at ˈduːɪŋ somersaults
505,I get up my myself.,Tớ tự đứng dậy.,aɪ ɡɛt ap mi maɪˈsɛlf
506,I dust off my bottom.,Tớ phủi mông.,aɪ dʌst ɔːf mi ˈbɒtəm
507,Somersaults are a piece of cake.,Lộn nhào thật dễ.,somersaults ɛə æɪ piːs ɔv keɪk
508,I push up my friend’s bottom.,Tớ đẩy mông bạn tớ.,aɪ pʷʊʃ ap mi fɹɛnd s bottom
509,I help him to do a somersault.,Tớ giúp cậu ấy lộn nhào.,i help him to do a somersault
510,He practices it many time.,Cậu ấy luyện tập rất nhiều lần.,he practices it many time
511,I skip rope ten times without stopping.,Tớ nhảy dây 10 lần liên tục mà không nghỉ.,i skip rope ten times without stopping
512,I won’t stop until twenty.,Tớ sẽ không dừng lại cho đến lần thứ 20.,i won t stop until twenty
513,I’m out of breath.,Tớ sắp hết hơi rồi.,aɪ m æɔt ɔv bɹɛθ
514,I stand in line.,Tớ đứng trong hàng.,aɪ stænd ɪn laɪn
515,I wait for my turn.,Tớ đợi đến lượt mình.,aɪ weɪt for mi /tɜːn/
516,Whose turn is it?,Đến lượt ai rồi nhỉ?,huːz /tɜːn/ is ɪt
517,I run and jump.,Tớ chạy và nhảy.,aɪ /ɹʊn/ and dʒʌmp
518,I jump as far as I can.,Tớ nhảy xa nhất có thể.,aɪ dʒʌmp ˈæs fɑː ˈæs aɪ ˈkæn
519,My classmate runs after me.,Bạn cùng lớp của tớ đang chạy sau tớ.,mi ˈklɑːs.meɪt ɹʌnz ˈæf.tə(ɹ) /miː/
520,I wash my hands.,Tớ rửa tay.,aɪ wɑʃ mi hæn(d)z
521,I put the soap on my hand.,Tớ cho xà phòng vào tay.,aɪ pʊt ði səʊp on my hand
522,The water is running down.,Nước đang chảy xuống.,the water is running down
523,I dry my hands with a towel.,Tớ lau tay khô bằng một chiếc khăn.,i dry my hands with a towel
524,I hang the towel.,Tớ phơi khăn lên.,i hang the towel
525,Now my hands are clean.,Giờ thì tay tớ đã sạch rồi.,now my hands are clean
526,I dig a tunnel through the watermelon.,Tớ khoét một cái lỗ trong quả dưa hấu.,i dɪɡ æɪ ˈtʌn(ə)l θɹuː ði ˈwɔːtəˌmɛlən
527,I dig it with a fork.,Tớ khoét bằng một cái dĩa.,aɪ dɪɡ ɪt with æɪ fɔːk
528,I take the seeds off too.,Tớ gẩy hết hạt dưa đi.,aɪ teɪk ði siːdz ɔːf tuː
529,I look through the hole.,Tớ nhìn qua cái lỗ.,aɪ look θɹuː ði /həʊl/
530,I’ll eat all of it by myself.,Tớ sẽ ăn hết chỗ này.,aɪ ll iːt ɔːl ɔv it by myself
531,I make a big hole.,Tớ khoét một cái lỗ rất to.,i make a big hole
532,I wear glasses.,Tớ đeo kính.,i wear glasses
533,They’re too big for me.,Nó quá to so với tớ.,they re too big for me
534,I have good eyesight.,Tớ có thị lực rất tốt.,i have good eyesight
535,I go to the zoo.,Tớ đi đến sở thú.,i go tʉː ði zuː
536,I go through the gate.,Tớ đi xuyên qua cổng.,aɪ ɡəʉ θɹuː ði ɡeɪt
537,I can see various animals at the zoo.,Tớ có thể nhìn thấy rất nhiều loại động vật khác nhau trong sở thú.,aɪ ˈkæn siː ˈvɛə.ɹi.əs ˈæn.ɪ.məlz at ði zuː
538,I take chocolate and cookies with me.,Tớ mang theo sô-cô-la và bánh quy.,aɪ teɪk ˈt͡ʃɔk(ə)lət and ˈkʊkiz with /miː/
539,I love sweets.,Tớ thích kẹo.,aɪ lʊv sweets
540,I take the sweets out of my bag.,Tớ lấy kẹo ra khỏi túi.,aɪ teɪk ði sweets æɔt ɔv my bag
541,I dance.,Tớ nhảy.,i dance
542,It’s exciting.,Nó rất thú vị.,it s exciting
543,My hair is swinging.,Tóc tớ đang đung đưa.,my hair is swinging
544,I put the books in my bag.,Tớ cho sách vào trong túi.,i put the books in my bag
545,I wear my school uniform.,Tớ mặc đồng phục của trường.,i wear my school uniform
546,I chek my bag every morning.,Tớ kiểm tra cặp sách mỗi buổi sáng.,aɪ chek mi ˈbæːɡ every ˈmɔːnɪŋ
547,I wake up at seven.,Tôi dậy vào lúc 7 giờ.,aɪ ˈweɪk ap at ˈsɛv.ən
548,The alarm clock goes off.,Đồng hồ báo thức đã tắt.,ði əˈlɑːm klɒk ɡəʊz ɔːf
549,Is it already time to get up?,Đã đến lúc phải dậy chưa?,is ɪt ɑlˈɹɛdi tɑem tʉː ɡɛt ap
550,I get out of bed.,Tôi ra khỏi giường.,aɪ ɡɛt æɔt ɔv bed
551,I want to sleep longer.,Tôi muốn ngủ lâu hơn nữa.,aɪ wɔnt tʉː sliːp ˈlɑŋ.ɡɚ
552,My hair is messy.,Tóc tôi đang rối tung.,mi heː is ˈmɛsi
553,I open the curtains.,Tôi mở rèm.,aɪ /ˈəʊ.pən/ ði ˈkɜː(ɹ).tənz
554,It’s fine today.,Hôm nay trời rất đẹp.,ɪt s fæːn təˈdeɪ
555,I hear birds singing.,Tôi nghe thấy những con chim đang hót líu lo.,aɪ hɪə(ɹ) bɜːdz ˈsɪŋɪŋ
556,I look at myself in the mirror.,Tôi soi mình trong gương.,aɪ look at maɪˈsɛlf ɪn ði ˈmɘ.ɹɘ
557,I brush my hair.,Tôi chải tóc.,aɪ bɹʌʃ mi heː
558,I look well.,Trông tôi đẹp rồi.,aɪ look wɛl
559,I sit at the table.,Tôi ngồi cạnh bàn.,aɪ sɪt at ði /ˈteɪbəl/
560,I eat some bread and coffee for breakfast.,Tôi ăn một chút bánh mì và cà phê cho bữa sáng.,aɪ iːt sɐm bɹeːd and ˈkɑ.fi for breakfast
561,I never skip breakfast.,Tôi không bao giờ bỏ bữa sáng.,i never skip breakfast
562,I put some butter on my toast.,Tôi cho một ít bơ lên bánh mì nướng.,i put some butter on my toast
563,The butter melts on the toast.,Bơ tan ra trên bánh mì.,the butter melts on the toast
564,I spread it with a butter knife.,Tôi phết bơ bằng một con dao cắt bơ.,i spread it with a butter knife
565,I pour cream in my coffee.,Tôi tưới kem lên cà phê.,aɪ pɔː kɹiːm ɪn mi ˈkɑ.fi
566,I add some sugar too.,Tôi cũng cho thêm một ít đường.,aɪ æd sɐm ˈʃʊɡə(ɹ) tuː
567,The coffee smells good.,Cà phê rất thơm.,ði ˈkɑ.fi smells ɡʊ(d)
568,I pick up a spoon.,Tôi lấy một cái thìa.,aɪ pɪk ap æɪ spuːn
569,The coffee is hot.,Cà phê rất nóng.,ði ˈkɑ.fi is hɒt
570,I finish eating my toast.,Tôi đã ăn xong bánh mì nướng rồi.,aɪ ˈfɪnɪʃ ˈiːtɪŋ mi təʊst
571,I stir my coffee.,Tôi khuấy cà phê.,aɪ stɜː mi ˈkɑ.fi
572,Coffee wakes me up.,Cà phê làm tôi tỉnh táo.,ˈkɑ.fi wakes /miː/ ap
573,I clear the table after the breakfast.,Tôi dọn sạch bàn sau bữa sáng.,aɪ klɪə(ɹ) ði /ˈteɪbəl/ ˈæf.tə(ɹ) ði breakfast
574,I gather my papers.,Tôi thu lượm tất cả giấy tờ.,i gather my papers
575,I glance at them.,Tôi nhìn qua chúng.,i glance at them
576,I put them in my paper bag.,Tôi bỏ chúng vào túi của mình.,i put them in my paper bag
577,I walk down the street.,Tôi đi bộ xuống đường.,i walk down the street
578,I leave for work.,Tôi tan ca làm.,aɪ /liːv/ for wɜːk
579,I walk faster to catch the train.,Tôi đi nhanh để bắt kịp chuyến tàu.,aɪ /wɔːk/ ˈfɑːstə tʉː kæt͡ʃ ði tɹeɪn
580,I go through the ticket gate.,Tôi đi qua cổng soát vé.,aɪ ɡəʉ θɹuː ði ˈtɪkɪt ɡeɪt
581,The station employee greets me.,Nhân viên nhà ga chào hỏi tôi.,ði ˈsteɪʃən (ˌ)ɪm- ɡɹiːts /miː/
582,I show him my train pass.,Tôi đưa vé cho anh ấy xem.,aɪ ʃəʊ əm mi tɹeɪn pʰäːs
583,I run up the stairs.,Tôi chạy lên cầu thang.,aɪ /ɹʊn/ ap ði ˈstɛəz
584,I’m in a hurry.,Tôi đang rất vội.,aɪ m ɪn a hurry
585,I don’t want to miss the train.,Tôi không muốn bị nhỡ tàu.,i don t want to miss the train
586,I get on the train.,Tôi lên tàu.,i get on the train
587,I’m relieved.,Tôi nhẹ nhõm cả người.,i m relieved
588,I look for a seat.,Tôi tìm một chỗ ngồi.,i look for a seat
589,I find an empty seat.,Tôi tìm thấy một chỗ ngồi còn trống.,i find an empty seat
590,I’m lucky.,Tôi thật may mắn.,aɪ m ˈlʌki
591,I sit next to a man.,Tôi ngồi cạnh một người đàn ông.,aɪ sɪt nɛkst tʉː æɪ mɛn
592,I show my train pass to the conductor.,Tôi đưa vé cho người thu tiền vé xe (phụ xe).,aɪ ʃəʊ mi tɹeɪn pʰäːs tʉː ði kənˈdʌktɚ
593,He checks it.,Anh ấy kiểm tra vé.,heɪː tʃɛks ɪt
594,I put my bag on my knee.,Tôi để túi trên đầu gối của mình.,aɪ pʊt mi ˈbæːɡ ɒn mi niː
595,I head toward the exit.,Tôi đi thẳng tới lối ra.,aɪ hɛd tɘ.ˈwoːd ði exit
596,I have to go up the stairs.,Tôi phải leo lên bậc thang.,i have to go up the stairs
597,There is the exit sign on the wall.,Có biển chỉ dẫn lối ra ở trên tường.,there is the exit sign on the wall
598,I cross at the crosswalk.,Tôi băng qua lối qua đường.,i cross at the crosswalk
599,The signal is green.,Đèn báo hiệu màu xanh.,the signal is green
600,It’s dangerous to cross against the red light.,Sẽ rất nguy hiểm khi đi qua đường lúc đèn đỏ.,ɪt s ˈdeɪnd͡ʒ(ə)ɹəs tʉː /kɹɑs/ əˈɡeɪnst ði ɹɛd lʌɪt
